,id,question,conditionId,slug,twitterCardImage,endDate,category,liquidity,image,icon,description,outcomes,outcomePrices,volume,active,marketType,closed,marketMakerAddress,updatedBy,createdAt,updatedAt,closedTime,mailchimpTag,archived,restricted,volumeNum,liquidityNum,endDateIso,hasReviewedDates,readyForCron,volume24hr,volume1wk,volume1mo,volume1yr,clobTokenIds,fpmmLive,volume1wkAmm,volume1moAmm,volume1yrAmm,volume1wkClob,volume1moClob,volume1yrClob,events,creator,ready,funded,cyom,competitive,pagerDutyNotificationEnabled,approved,rewardsMinSize,rewardsMaxSpread,spread,oneDayPriceChange,oneHourPriceChange,oneWeekPriceChange,oneMonthPriceChange,oneYearPriceChange,lastTradePrice,bestBid,bestAsk,clearBookOnStart,manualActivation,negRiskOther,umaResolutionStatuses,pendingDeployment,deploying,rfqEnabled,holdingRewardsEnabled,feesEnabled,startDate,liquidityAmm,resolutionSource,lowerBound,upperBound,formatType,notificationsEnabled,wideFormat
0,12,Will Joe Biden get Coronavirus before the election?,0xe3b423dfad8c22ff75c9899c4e8176f628cf4ad4caa00481764d320e7415f7a9,will-joe-biden-get-coronavirus-before-the-election,https://polymarket-static.s3.us-east-2.amazonaws.com/polymarket-twitter-card.png,2020-11-04T00:00:00Z,US-current-affairs,0,https://polymarket-upload.s3.us-east-2.amazonaws.com/will-joe-biden-get-coronavirus-before-the-election-5a3d4c3b-0a73-419e-a686-be034d2c73ac.png,https://polymarket-upload.s3.us-east-2.amazonaws.com/will-joe-biden-get-coronavirus-before-the-election-5a3d4c3b-0a73-419e-a686-be034d2c73ac.png,"This is a market on if presidential candidate Joe Biden will test positive for COVID-19 before November 3rd, 2020. This will be defined as Joe publicly announcing - via any medium, including social media - that he has tested positive for COVID-19, or some variation of that statement. If it is in reference to antibodies, or he doesn’t publicly acknowledge it, the market will resolve to No.
In the event of ambiguity in terms of the market outcome, the market will be resolved at the sole discretion of the Markets Integrity Committee (MIC).","[""Yes"", ""No""]","[""0"", ""0""]",32257.445115,True,normal,True,0x8BD6C3D7a57D650A1870dd338234f90051fe9918,9,2020-10-02T16:10:01.467Z,2024-04-23T00:49:51.620233Z,2020-11-02 16:31:01+00,3917403,False,False,32257.45,0.0,2020-11-04,True,True,0,0,0,0,"[""53135072462907880191400140706440867753044989936304433583131786753949599718775"", ""60869871469376321574904667328762911501870754872924453995477779862968218702336""]",True,0,0,0,0,0,0,"[{'id': '4690', 'ticker': 'will-joe-biden-get-coronavirus-before-the-election', 'slug': 'will-joe-biden-get-coronavirus-before-the-election', 'title': 'Will Joe Biden get Coronavirus before the election?', 'description': 'This is a market on if presidential candidate Joe Biden will test positive for COVID-19 before November 3rd, 2020. This will be defined as Joe publicly announcing - via any medium, including social media - that he has tested positive for COVID-19, or some variation of that statement. If it is in reference to antibodies, or he doesn’t publicly acknowledge it, the market will resolve to No.\nIn the event of ambiguity in terms of the market outcome, the market will be resolved at the sole discretion of the Markets Integrity Committee (MIC).', 'startDate': '2020-10-02T00:00:00Z', 'creationDate': '2020-10-02T00:00:00Z', 'endDate': '2020-11-04T00:00:00Z', 'image': 'https://polymarket-upload.s3.us-east-2.amazonaws.com/will-joe-biden-get-coronavirus-before-the-election-69e1dbcd-3cfe-4caf-b2af-c00e9ce7186f.png', 'icon': 'https://polymarket-upload.s3.us-east-2.amazonaws.com/will-joe-biden-get-coronavirus-before-the-election-69e1dbcd-3cfe-4caf-b2af-c00e9ce7186f.png', 'active': True, 'closed': True, 'archived': False, 'featured': False, 'restricted': False, 'liquidity': 0, 'volume': 32257.45, 'openInterest': 0, 'sortBy': 'ascending', 'category': 'US-current-affairs', 'published_at': '2022-07-27 14:41:12.085+00', 'createdAt': '2022-07-27T14:41:12.088Z', 'updatedAt': '2024-04-25T18:57:18.376169Z', 'competitive': 0, 'volume24hr': 0, 'volume1wk': 0, 'volume1mo': 0, 'volume1yr': 0, 'liquidityAmm': 0, 'liquidityClob': 0, 'commentCount': 0, 'cyom': False, 'closedTime': '2022-07-27T14:41:12.088Z', 'showAllOutcomes': False, 'showMarketImages': True, 'enableNegRisk': False, 'negRiskAugmented': False, 'pendingDeployment': False, 'deploying': False}]",,False,False,False,0,False,True,0,0,1,0,0,0,0,0,0,0,1,True,False,False,[],False,False,False,False,False,,,,,,,,
1,17,"Will Airbnb begin publicly trading before Jan 1, 2021?",0x44f10d1cd5aaed4b7ae0b5edb76790f54f45dc0bcaa86831c83d865c774fbb90,will-airbnb-begin-publicly-trading-before-jan-1-2021,https://polymarket-static.s3.us-east-2.amazonaws.com/polymarket-twitter-card.png,2021-01-02T00:00:00Z,Tech,0,https://polymarket-upload.s3.us-east-2.amazonaws.com/will-airbnb-begin-publicly-trading-before-jan-1-2021-c1ba5f2f-c025-486a-9664-15cd8d4ac91b.png,https://polymarket-upload.s3.us-east-2.amazonaws.com/will-airbnb-begin-publicly-trading-before-jan-1-2021-c1ba5f2f-c025-486a-9664-15cd8d4ac91b.png,"This market is on whether or not Airbnb will be a publicly traded company by January 1, 2021. This market will resolve to Yes if Airbnb starts publicly trading on NASDAQ or NYSE before January 1st 2021, regardless of if they list via IPO, direct listing, or some other method. If they are not listed and publicly trading on one of those 2 stock exchanges, the market will resolve to ""No"". In the event of ambiguity in terms of the market outcome, the market will be resolved at the sole discretion of the Markets Integrity Committee (MIC).
","[""Yes"", ""No""]","[""0"", ""0""]",89665.252158,True,normal,True,0x3d3dB3BeE80414717e3C66c341EF95eCc9BDDBaB,3,2020-10-02T19:20:04.234Z,2024-04-23T00:31:22.863043Z,2020-12-11 20:53:24+00,,False,False,89665.25,0.0,2021-01-02,True,True,0,0,0,0,"[""23957885615115430922384185661294483989521212430808224513177413172438775950057"", ""44065917169138815451032058926556960033374557137879250075091545322436931840853""]",True,0,0,0,0,0,0,"[{'id': '3917', 'ticker': 'will-airbnb-begin-publicly-trading-before-jan-1-2021', 'slug': 'will-airbnb-begin-publicly-trading-before-jan-1-2021', 'title': 'Will Airbnb begin publicly trading before Jan 1, 2021?', 'description': 'This market is on whether or not Airbnb will be a publicly traded company by January 1, 2021. This market will resolve to Yes if Airbnb starts publicly trading on NASDAQ or NYSE before January 1st 2021, regardless of if they list via IPO, direct listing, or some other method. If they are not listed and publicly trading on one of those 2 stock exchanges, the market will resolve to ""No"". In the event of ambiguity in terms of the market outcome, the market will be resolved at the sole discretion of the Markets Integrity Committee (MIC).\n', 'startDate': '2020-10-02T00:00:00Z', 'creationDate': '2020-10-02T00:00:00Z', 'endDate': '2021-01-02T00:00:00Z', 'image': 'https://polymarket-upload.s3.us-east-2.amazonaws.com/will-airbnb-begin-publicly-trading-before-jan-1-2021-1767f08a-6651-42b2-9527-73f7be08fd08.png', 'icon': 'https://polymarket-upload.s3.us-east-2.amazonaws.com/will-airbnb-begin-publicly-trading-before-jan-1-2021-1767f08a-6651-42b2-9527-73f7be08fd08.png', 'active': True, 'closed': True, 'archived': False, 'featured': False, 'restricted': False, 'liquidity': 0, 'volume': 89665.25, 'openInterest': 0, 'sortBy': 'ascending', 'category': 'Tech', 'published_at': '2022-07-27 14:40:42.971+00', 'createdAt': '2022-07-27T14:40:42.974Z', 'updatedAt': '2024-04-23T22:47:12.642921Z', 'competitive': 0, 'volume24hr': 0, 'volume1wk': 0, 'volume1mo': 0, 'volume1yr': 0, 'liquidityAmm': 0, 'liquidityClob': 0, 'commentCount': 0, 'cyom': False, 'closedTime': '2022-07-27T14:40:42.974Z', 'showAllOutcomes': False, 'showMarketImages': True, 'enableNegRisk': False, 'negRiskAugmented': False, 'pendingDeployment': False, 'deploying': False}]",,False,False,False,0,False,True,0,0,1,0,0,0,0,0,0,0,1,True,False,False,[],False,False,False,False,False,,,,,,,,
2,18,"Will a new Supreme Court Justice be confirmed before Nov 3rd, 2020?",0x3e0524de013d9dc359f5eb370773f25de2f03d3200294cfd0fa7dac2f399d101,will-a-new-supreme-court-justice-be-confirmed-before-nov-3rd-2020,https://polymarket-static.s3.us-east-2.amazonaws.com/polymarket-twitter-card.png,2020-11-04T00:00:00Z,US-current-affairs,0,https://polymarket-upload.s3.us-east-2.amazonaws.com/will-a-new-supreme-court-justice-be-confirmed-before-nov-3rd-2020-9799dac2-a822-41bf-909a-cdc8eee8ec3e.png,https://polymarket-upload.s3.us-east-2.amazonaws.com/will-a-new-supreme-court-justice-be-confirmed-before-nov-3rd-2020-9799dac2-a822-41bf-909a-cdc8eee8ec3e.png,"This is a market on whether or not a new Supreme Court Justice will be both nominated and confirmed before Nov 3rd, 2020. Nominated and Confirmed, in the context of the Supreme Court, are defined here: https://en.wikipedia.org/wiki/Appointment_and_confirmation_to_the_Supreme_Court_of_the_United_States. If a Supreme Court Justice is Nominated but not Confirmed before the election, the market will resolve to “No”. RIP RBG. In the event of ambiguity in terms of the market outcome, the market will be resolved at the sole discretion of the Markets Integrity Committee (MIC).","[""Yes"", ""No""]","[""0"", ""0""]",43279.456005,True,normal,True,0x01a4333b6aCb5091cF0219646f35E289546F4656,9,2020-10-02T19:20:04.234Z,2024-04-22T23:52:06.957229Z,2020-10-27 00:40:55+00,3917431,False,False,43279.46,0.0,2022-01-27,True,True,0,0,0,0,"[""7192973530925903015287004813226256961086727269646918334118953338356315960259"", ""16847315704461293231139078524698349110433698045131366205472540524863290566139""]",True,0,0,0,0,0,0,"[{'id': '5098', 'ticker': 'will-a-new-supreme-court-justice-be-confirmed-before-nov-3rd-2020', 'slug': 'will-a-new-supreme-court-justice-be-confirmed-before-nov-3rd-2020', 'title': 'Will a new Supreme Court Justice be confirmed before Nov 3rd, 2020?', 'description': 'This is a market on whether or not a new Supreme Court Justice will be both nominated and confirmed before Nov 3rd, 2020. Nominated and Confirmed, in the context of the Supreme Court, are defined here: https://en.wikipedia.org/wiki/Appointment_and_confirmation_to_the_Supreme_Court_of_the_United_States. If a Supreme Court Justice is Nominated but not Confirmed before the election, the market will resolve to “No”. RIP RBG. In the event of ambiguity in terms of the market outcome, the market will be resolved at the sole discretion of the Markets Integrity Committee (MIC).', 'startDate': '2020-10-02T00:00:00Z', 'creationDate': '2020-10-02T00:00:00Z', 'endDate': '2022-01-27T00:00:00Z', 'image': 'https://polymarket-upload.s3.us-east-2.amazonaws.com/will-a-new-supreme-court-justice-be-confirmed-before-nov-3rd-2020-3c76e3ef-bf2f-4ca3-962b-fed3155516e8.png', 'icon': 'https://polymarket-upload.s3.us-east-2.amazonaws.com/will-a-new-supreme-court-justice-be-confirmed-before-nov-3rd-2020-3c76e3ef-bf2f-4ca3-962b-fed3155516e8.png', 'active': True, 'closed': True, 'archived': False, 'featured': False, 'restricted': False, 'liquidity': 0, 'volume': 43279.46, 'openInterest': 0, 'sortBy': 'ascending', 'category': 'US-current-affairs', 'published_at': '2022-07-27 14:41:27.361+00', 'createdAt': '2022-07-27T14:41:27.364Z', 'updatedAt': '2024-04-25T18:56:11.18445Z', 'competitive': 0, 'volume24hr': 0, 'volume1wk': 0, 'volume1mo': 0, 'volume1yr': 0, 'liquidityAmm': 0, 'liquidityClob': 0, 'commentCount': 0, 'cyom': False, 'closedTime': '2022-07-27T14:41:27.364Z', 'showAllOutcomes': False, 'showMarketImages': True, 'enableNegRisk': False, 'negRiskAugmented': False, 'pendingDeployment': False, 'deploying': False}]",,False,False,False,0,False,True,0,0,1,0,0,0,0,0,0,0,1,True,False,False,[],False,False,False,False,False,,,,,,,,
3,19,"Will Kim Kardashian and Kanye West divorce before Jan 1, 2021?",0x9b946f54f3428aafc308c33aa04a943fe13a011bdac9a9b66e1ba16c416ca256,will-kim-kardashian-and-kanye-west-divorce-before-jan-1-2021,https://polymarket-static.s3.us-east-2.amazonaws.com/polymarket-twitter-card.png,2021-01-02T00:00:00Z,Pop-Culture ,0.179651,https://polymarket-upload.s3.us-east-2.amazonaws.com/will-kim-kardashian-and-kanye-west-divorce-before-jan-1-2021-56c39e78-0a04-4827-bf52-d2c1052f82d9.png,https://polymarket-upload.s3.us-east-2.amazonaws.com/will-kim-kardashian-and-kanye-west-divorce-before-jan-1-2021-56c39e78-0a04-4827-bf52-d2c1052f82d9.png,"This is a market on whether Kanye West and Kim Kardashian will officially file for a divorce before January 1st 2021. Divorce can be defined empirically as either an official announcement direct from either Kim or Kanye, or an official filing of divorce, including but not limited to certified copies of divorce decrees available from the Superior Court in the county where the decree was granted. This market will resolve ""Yes"" if the aforementioned conditions are met and ""No"" otherwise. In the event of ambiguity in terms of the market outcome, the market will be resolved at the sole discretion of the Markets Integrity Committee (MIC).
","[""Yes"", ""No""]","[""0.000001011082052522541417308141468657552"", ""0.9999989889179474774585826918585313""]",22067.475119,True,normal,True,0x13064324dFF1e76062975345d255EFccc6C78bd0,126,2020-10-02T19:20:04.234Z,2024-04-26T02:45:04.309477Z,2021-01-02 21:35:34+00,4102440,False,False,22067.48,0.18,2021-01-02,True,True,0,0,0,0,"[""4485468797843270805361907688585033105060134197906764657766452761383944608702"", ""99620935296034450526138833612193162137893979576079468831519296537203486531810""]",True,0,0,0,0,0,0,"[{'id': '4870', 'ticker': 'will-kim-kardashian-and-kanye-west-divorce-before-jan-1-2021', 'slug': 'will-kim-kardashian-and-kanye-west-divorce-before-jan-1-2021', 'title': 'Will Kim Kardashian and Kanye West divorce before Jan 1, 2021?', 'description': 'This is a market on whether Kanye West and Kim Kardashian will officially file for a divorce before January 1st 2021. Divorce can be defined empirically as either an official announcement direct from either Kim or Kanye, or an official filing of divorce, including but not limited to certified copies of divorce decrees available from the Superior Court in the county where the decree was granted. This market will resolve ""Yes"" if the aforementioned conditions are met and ""No"" otherwise. In the event of ambiguity in terms of the market outcome, the market will be resolved at the sole discretion of the Markets Integrity Committee (MIC).\n', 'startDate': '2020-10-02T00:00:00Z', 'creationDate': '2020-10-02T00:00:00Z', 'endDate': '2021-01-02T00:00:00Z', 'image': 'https://polymarket-upload.s3.us-east-2.amazonaws.com/will-kim-kardashian-and-kanye-west-divorce-before-jan-1-2021-72891edd-88ea-41fb-86ac-7623838d49b0.png', 'icon': 'https://polymarket-upload.s3.us-east-2.amazonaws.com/will-kim-kardashian-and-kanye-west-divorce-before-jan-1-2021-72891edd-88ea-41fb-86ac-7623838d49b0.png', 'active': True, 'closed': True, 'archived': False, 'featured': False, 'restricted': False, 'liquidity': 0, 'volume': 22067.48, 'openInterest': 0, 'sortBy': 'ascending', 'category': 'Pop-Culture ', 'published_at': '2022-07-27 14:41:18.863+00', 'createdAt': '2022-07-27T14:41:18.866Z', 'updatedAt': '2024-04-25T19:57:53.317939Z', 'competitive': 0, 'volume24hr': 0, 'volume1wk': 0, 'volume1mo': 0, 'volume1yr': 0, 'liquidityAmm': 0, 'liquidityClob': 0, 'commentCount': 0, 'cyom': False, 'closedTime': '2022-07-27T14:41:18.866Z', 'showAllOutcomes': False, 'showMarketImages': True, 'enableNegRisk': False, 'negRiskAugmented': False, 'pendingDeployment': False, 'deploying': False}]",,False,False,False,0,False,True,0,0,1,0,0,0,0,0,0,0,1,True,False,False,[],False,False,False,False,False,2023-08-24T16:35:24.938Z,0.18,,,,,,
4,20,"Will Coinbase begin publicly trading before Jan 1, 2021?",0x5d1a1ab716fd06943441fe27cde0089651ce769bec55e191b6953468a0e9f0d0,will-coinbase-begin-publicly-trading-before-jan-1-2021,https://polymarket-static.s3.us-east-2.amazonaws.com/polymarket-twitter-card.png,2021-01-02T00:00:00Z,Crypto,0.367501,https://polymarket-upload.s3.us-east-2.amazonaws.com/will-coinbase-begin-publicly-trading-before-jan-1-2021-e5b376bc-2213-4c84-b0f5-0a53b389402e.png,https://polymarket-upload.s3.us-east-2.amazonaws.com/will-coinbase-begin-publicly-trading-before-jan-1-2021-e5b376bc-2213-4c84-b0f5-0a53b389402e.png,"This market is on whether Coinbase will be a publicly traded company by January 1, 2021. This market will resolve to Yes if Coinbase starts publicly trading on NASDAQ or NYSE before January 1st 2021. Regardless of if they list via IPO or direct listing. If they are not listed and publicly trading on one of those 2 exchanges, the market will resolve to ""No"". In the event of ambiguity in terms of the market outcome, the market will be resolved at the sole discretion of the Markets Integrity Committee (MIC).
","[""Yes"", ""No""]","[""0.000001024519509568169644816863666886675"", ""0.9999989754804904318303551831363331""]",116803.377183,True,normal,True,0x4d96190E8D0487d019987Cd9dF34dD51f617037F,3,2020-10-02T19:20:04.249Z,2024-04-22T23:09:41.355362Z,2021-01-02 21:43:06+00,,False,False,116803.38,0.37,2021-01-02,True,True,0,0,0,0,"[""36272374199536229966445059644094050673269921351760158331280706670625385054221"", ""29551507732179460087505547206009697311109043686065631717734195665429037695993""]",True,0,0,0,0,0,0,"[{'id': '5096', 'ticker': 'will-coinbase-begin-publicly-trading-before-jan-1-2021', 'slug': 'will-coinbase-begin-publicly-trading-before-jan-1-2021', 'title': 'Will Coinbase begin publicly trading before Jan 1, 2021?', 'description': 'This market is on whether Coinbase will be a publicly traded company by January 1, 2021. This market will resolve to Yes if Coinbase starts publicly trading on NASDAQ or NYSE before January 1st 2021. Regardless of if they list via IPO or direct listing. If they are not listed and publicly trading on one of those 2 exchanges, the market will resolve to ""No"". In the event of ambiguity in terms of the market outcome, the market will be resolved at the sole discretion of the Markets Integrity Committee (MIC).\n', 'startDate': '2020-10-02T00:00:00Z', 'creationDate': '2020-10-02T00:00:00Z', 'endDate': '2021-01-02T00:00:00Z', 'image': 'https://polymarket-upload.s3.us-east-2.amazonaws.com/will-coinbase-begin-publicly-trading-before-jan-1-2021-f9738380-ccd4-417e-8879-517754ea902d.png', 'icon': 'https://polymarket-upload.s3.us-east-2.amazonaws.com/will-coinbase-begin-publicly-trading-before-jan-1-2021-f9738380-ccd4-417e-8879-517754ea902d.png', 'active': True, 'closed': True, 'archived': False, 'featured': False, 'restricted': False, 'liquidity': 0, 'volume': 116803.38, 'openInterest': 0, 'sortBy': 'ascending', 'category': 'Crypto', 'published_at': '2022-07-27 14:41:27.278+00', 'createdAt': '2022-07-27T14:41:27.281Z', 'updatedAt': '2024-04-23T23:03:35.698978Z', 'competitive': 0, 'volume24hr': 0, 'volume1wk': 0, 'volume1mo': 0, 'volume1yr': 0, 'liquidityAmm': 0, 'liquidityClob': 0, 'commentCount': 0, 'cyom': False, 'closedTime': '2022-07-27T14:41:27.281Z', 'showAllOutcomes': False, 'showMarketImages': True, 'enableNegRisk': False, 'negRiskAugmented': False, 'pendingDeployment': False, 'deploying': False}]",,False,False,False,0,False,True,0,0,1,0,0,0,0,0,0,0,1,True,False,False,[],False,False,False,False,False,,,,,,,,
5,36,"What will the price of Bitcoin be on November 4th, 2020?",0xd903891c2b9046cae14615afc4c5245370143503f7b2dfc13919acee07a1696d,what-will-the-price-of-bitcoin-be-on-november-4th-2020,https://polymarket-static.s3.us-east-2.amazonaws.com/polymarket-twitter-card.png,2020-11-04T00:00:00Z,Crypto,0,https://polymarket-upload.s3.us-east-2.amazonaws.com/what-will-the-price-of-bitcoin-be-on-november-4th-2020-b8164552-6f9f-4285-b133-37f6fb04adc3.png,https://polymarket-upload.s3.us-east-2.amazonaws.com/what-will-the-price-of-bitcoin-be-on-november-4th-2020-b8164552-6f9f-4285-b133-37f6fb04adc3.png,"This is a scalar market on what the USD price of Bitcoin will be on November 4th, 2020, according to Coingecko. The lower bound for this market is $5,000/BTC, and the upper bound is $15,000/BTC - you can use the calculator to the right (underneath the Buy modal) to calculate how each Long or Short share price corresponds with the BTC price. The market will be settled according to Coingecko’s BTC page at roughly 12pm EST on November 4th, 2020. Long and Short shares will settle proportional to the final value, in the case of the final value being between these bounds, but if the final value exceeds either the upper or lower bound, the price of each Outcome Share is capped at $1. Refer to calculator for share price and BTC price correlation. In the event of ambiguity in terms of the market outcome, the market will be resolved at the sole discretion of the Markets Integrity Committee (MIC).
","[""Long"", ""Short""]","[""0"", ""0""]",59755.804763,True,scalar,True,0xe7C33D231C3cc668457dE4F15AD398E2B8ECa8D7,9,2020-10-02T20:00:04.856Z,2024-04-23T00:08:40.528604Z,2020-11-05 16:21:29+00,3917407,False,False,59755.8,0.0,2022-03-01,True,True,0,0,0,0,"[""53678111440828523722141246186412284959552524573416536208576098319557003483879"", ""27264257149048736764964503982112624364843013894764060447611166847296827564421""]",True,0,0,0,0,0,0,"[{'id': '4824', 'ticker': 'what-will-the-price-of-bitcoin-be-on-november-4th-2020', 'slug': 'what-will-the-price-of-bitcoin-be-on-november-4th-2020', 'title': 'What will the price of Bitcoin be on November 4th, 2020?', 'description': 'This is a scalar market on what the USD price of Bitcoin will be on November 4th, 2020, according to Coingecko. The lower bound for this market is $5,000/BTC, and the upper bound is $15,000/BTC - you can use the calculator to the right (underneath the Buy modal) to calculate how each Long or Short share price corresponds with the BTC price. The market will be settled according to Coingecko’s BTC page at roughly 12pm EST on November 4th, 2020. Long and Short shares will settle proportional to the final value, in the case of the final value being between these bounds, but if the final value exceeds either the upper or lower bound, the price of each Outcome Share is capped at $1. Refer to calculator for share price and BTC price correlation. In the event of ambiguity in terms of the market outcome, the market will be resolved at the sole discretion of the Markets Integrity Committee (MIC).\n', 'resolutionSource': 'coingecko.com', 'startDate': '2020-10-02T00:00:00Z', 'creationDate': '2020-10-02T00:00:00Z', 'endDate': '2022-03-01T00:00:00Z', 'image': 'https://polymarket-upload.s3.us-east-2.amazonaws.com/what-will-the-price-of-bitcoin-be-on-november-4th-2020-89cde827-b920-4254-911b-7d7fbe95871d.png', 'icon': 'https://polymarket-upload.s3.us-east-2.amazonaws.com/what-will-the-price-of-bitcoin-be-on-november-4th-2020-89cde827-b920-4254-911b-7d7fbe95871d.png', 'active': True, 'closed': True, 'archived': False, 'featured': False, 'restricted': False, 'liquidity': 0, 'volume': 59755.8, 'openInterest': 0, 'sortBy': 'ascending', 'category': 'Crypto', 'published_at': '2022-07-27 14:41:17.042+00', 'createdAt': '2022-07-27T14:41:17.045Z', 'updatedAt': '2024-04-25T19:37:04.703251Z', 'competitive': 0, 'volume24hr': 0, 'volume1wk': 0, 'volume1mo': 0, 'volume1yr': 0, 'liquidityAmm': 0, 'liquidityClob': 0, 'commentCount': 2371, 'series': [{'id': '45', 'ticker': 'btc-multi-strikes-weekly', 'slug': 'btc-multi-strikes-weekly', 'title': 'BTC Multi Strikes Weekly', 'subtitle': 'BTC', 'seriesType': 'single', 'recurrence': 'weekly', 'image': 'https://polymarket.com/_next/image?url=https%3A%2F%2Fpolymarket-upload.s3.us-east-2.amazonaws.com%2Fwill-btc-r_7bfde384d001ec27dfc6513c3c13161c_256x256_qual_100.webp&w=256&q=100', 'icon': 'https://polymarket-upload.s3.us-east-2.amazonaws.com/BTC.png', 'layout': 'default', 'active': True, 'closed': False, 'archived': False, 'new': False, 'featured': False, 'restricted': True, 'publishedAt': '2023-04-11 18:00:01.087+00', 'createdBy': '15', 'updatedBy': '17', 'createdAt': '2023-04-11T17:58:52.163Z', 'updatedAt': '2025-10-14T12:04:07.171847Z', 'commentsEnabled': False, 'competitive': '0', 'volume24hr': 0, 'volume': 3340608.65086, 'liquidity': 857204.21481, 'startDate': '2021-01-01T17:00:00Z', 'pythTokenID': '0xe62df6c8b4a85fe1a67db44dc12de5db330f7ac66b72dc658afedf0f4a415b43', 'cgAssetName': 'bitcoin', 'commentCount': 2343}], 'cyom': False, 'closedTime': '2022-07-27T14:41:17.045Z', 'showAllOutcomes': False, 'showMarketImages': True, 'enableNegRisk': False, 'seriesSlug': 'btc-weeklies', 'negRiskAugmented': False, 'pendingDeployment': False, 'deploying': False}]",,False,False,False,0,False,True,0,0,1,0,0,0,0,0,0,0,1,True,False,False,[],False,False,False,False,False,,,coingecko.com,5000,15000,decimal,,
6,40,Will Trump win the 2020 U.S. presidential election?,0xf2e631ea675c5b09caea0bf65cf7887e25907af2657c8c907f02d9afbff20d05,will-trump-win-the-2020-us-presidential-election,https://polymarket-static.s3.us-east-2.amazonaws.com/polymarket-twitter-card.png,2020-11-20T00:00:00Z,US-current-affairs,68.283267,https://polymarket-upload.s3.us-east-2.amazonaws.com/will-trump-win-the-2020-us-presidential-election-f67bb1b7-7687-4dd6-bb7b-c5f1a11f9bce.png,https://polymarket-upload.s3.us-east-2.amazonaws.com/will-trump-win-the-2020-us-presidential-election-f67bb1b7-7687-4dd6-bb7b-c5f1a11f9bce.png,"This is a market on if Donald Trump will win the 2020 US presidential election. This is not about the popular vote - it's particularly about if Trump will win the election, as defined by the electoral college system, and set to still be president come next term. Market will resolve to “Yes” if Donald Trump receives the required number of electoral votes to win the presidency, whenever it is called. If Joe Biden or any other candidate is declared the winner of this election officially, this market will resolve to “No”. Note: If the election winner is not declared on election night, this market will not resolve until a winner is confirmed.The resolution source will be https://www.cnn.com/election/2020 CNN's 2020 Election page: Additional note: in the event of conflicting sources between CNN and WSJ (https://www.wsj.com/livecoverage/campaign-wire-election-2020) or Associated Press (https://apnews.com/hub/election-2020), the market will only be resolved once there is a definitive winner. In the event of ambiguity in terms of the market outcome, the market will be resolved at the sole discretion of the Markets Integrity Committee (MIC).
","[""Yes"", ""No""]","[""0.00000004364303498046286702037228176483457"", ""0.9999999563569650195371329796277182""]",10802601.987023,True,normal,True,0x365E12B47919b0E3BCF1c8CC3Ecd8FB88b80560F,9,2020-10-09T17:00:08.468Z,2024-04-26T02:59:32.333279Z,2020-11-09 17:55:41+00,3917375,False,False,10802601.99,68.28,2020-11-20,True,True,0,0,0,0,"[""44804726753601178293652604511461891232965799888489574021036312274240304608626"", ""94401806442428580808350321395221392306408700984448347080151499651427713760581""]",True,0,0,0,0,0,0,"[{'id': '4795', 'ticker': 'will-trump-win-the-2020-us-presidential-election', 'slug': 'will-trump-win-the-2020-us-presidential-election', 'title': 'Will Trump win the 2020 U.S. presidential election?', 'description': ""This is a market on if Donald Trump will win the 2020 US presidential election. This is not about the popular vote - it's particularly about if Trump will win the election, as defined by the electoral college system, and set to still be president come next term. Market will resolve to “Yes” if Donald Trump receives the required number of electoral votes to win the presidency, whenever it is called. If Joe Biden or any other candidate is declared the winner of this election officially, this market will resolve to “No”. Note: If the election winner is not declared on election night, this market will not resolve until a winner is confirmed.The resolution source will be https://www.cnn.com/election/2020 CNN's 2020 Election page: Additional note: in the event of conflicting sources between CNN and WSJ (https://www.wsj.com/livecoverage/campaign-wire-election-2020) or Associated Press (https://apnews.com/hub/election-2020), the market will only be resolved once there is a definitive winner. In the event of ambiguity in terms of the market outcome, the market will be resolved at the sole discretion of the Markets Integrity Committee (MIC).\n"", 'resolutionSource': 'https://www.cnn.com/election/2020', 'startDate': '2020-10-09T00:00:00Z', 'creationDate': '2020-10-09T00:00:00Z', 'endDate': '2020-11-20T00:00:00Z', 'image': 'https://polymarket-upload.s3.us-east-2.amazonaws.com/will-trump-win-the-2020-us-presidential-election-8a573556-a76d-4206-a063-d7188e79e04b.png', 'icon': 'https://polymarket-upload.s3.us-east-2.amazonaws.com/will-trump-win-the-2020-us-presidential-election-8a573556-a76d-4206-a063-d7188e79e04b.png', 'active': True, 'closed': True, 'archived': False, 'featured': False, 'restricted': False, 'liquidity': 0, 'volume': 10802601.99, 'openInterest': 0, 'sortBy': 'ascending', 'category': 'US-current-affairs', 'published_at': '2022-07-27 14:41:15.917+00', 'createdAt': '2022-07-27T14:41:15.922Z', 'updatedAt': '2024-04-25T21:25:30.023295Z', 'competitive': 0, 'volume24hr': 0, 'volume1wk': 0, 'volume1mo': 0, 'volume1yr': 0, 'liquidityAmm': 0, 'liquidityClob': 0, 'commentCount': 2, 'cyom': False, 'closedTime': '2022-07-27T14:41:15.922Z', 'showAllOutcomes': False, 'showMarketImages': True, 'enableNegRisk': False, 'negRiskAugmented': False, 'pendingDeployment': False, 'deploying': False}]",,False,False,False,0,False,True,0,0,1,0,0,0,0,0,0,0,1,True,False,False,[],False,False,False,False,False,,,https://www.cnn.com/election/2020,,,,False,
7,42,Will there be an Emergency Use Authorization (EUA) granted for a COVID-19 vaccine prior to Nov 3 2020?,0xfa8cc293e14872fca0c7e8b240360683e392e1d7a4b5ac7616b1f7e50c454ad2,will-there-be-an-emergency-use-authorization-granted-for-a-covid-19-vaccine-prior-to-nov-3,https://polymarket-static.s3.us-east-2.amazonaws.com/polymarket-twitter-card.png,2020-11-04T00:00:00Z,Coronavirus,0,https://polymarket-upload.s3.us-east-2.amazonaws.com/will-there-be-an-emergency-use-authorization-eua-granted-for-a-covid-19-vaccine-prior-to-nov-3-2020-bab0b9ba-d7c9-44fd-8307-0cdaf1f12a2e.png,https://polymarket-upload.s3.us-east-2.amazonaws.com/will-there-be-an-emergency-use-authorization-eua-granted-for-a-covid-19-vaccine-prior-to-nov-3-2020-bab0b9ba-d7c9-44fd-8307-0cdaf1f12a2e.png,"This market is on if there will be an Emergency Use Authorization (EUA) granted for a COVID-19 vaccine before November 3rd, 2020. ""The Emergency Use Authorization (EUA) authority allows FDA to help strengthen the nation’s public health protections against CBRN threats by facilitating the availability and use of MCMs needed during public health emergencies."" The market will resolve to ""Yes"" if an EUA is granted for a COVID-19 vaccine, according to this link: https://www.fda.gov/emergency-preparedness-and-response/mcm-legal-regulatory-and-policy-framework/emergency-use-authorization#covid19euas, before November 3rd, 2020 (election day). Even if the vaccine is not widely distributed by that date, if an EUA is granted, the market will resolve to ""Yes"". If no EUA is granted for a vaccine by November 3rd, 2020, the market will resolve “No”. Note, this market is only for vaccines, not general treatment. In the event of ambiguity in terms of the market outcome, the market will be resolved at the sole discretion of the Markets Integrity Committee (MIC).
","[""Yes"", ""No""]","[""0"", ""0""]",21881.05833,True,normal,True,0xD4D7c117645A85bCbe39Bfe9d8847628F75734b0,9,2020-10-12T22:00:05.783Z,2024-04-22T23:51:23.169526Z,2020-11-02 16:33:23+00,,False,False,21881.06,0.0,2022-02-01,True,True,0,0,0,0,"[""9030489128964541226472769512853420102537079705747655800192176119504724017392"", ""76498560192118683650733506412944777208149122792035467707472962601509300857635""]",True,0,0,0,0,0,0,"[{'id': '4700', 'ticker': 'will-there-be-an-emergency-use-authorization-granted-for-a-covid-19-vaccine-prior-to-nov-3', 'slug': 'will-there-be-an-emergency-use-authorization-granted-for-a-covid-19-vaccine-prior-to-nov-3', 'title': 'Will there be an Emergency Use Authorization (EUA) granted for a COVID-19 vaccine prior to Nov 3 2020?', 'description': 'This market is on if there will be an Emergency Use Authorization (EUA) granted for a COVID-19 vaccine before November 3rd, 2020. ""The Emergency Use Authorization (EUA) authority allows FDA to help strengthen the nation’s public health protections against CBRN threats by facilitating the availability and use of MCMs needed during public health emergencies."" The market will resolve to ""Yes"" if an EUA is granted for a COVID-19 vaccine, according to this link: https://www.fda.gov/emergency-preparedness-and-response/mcm-legal-regulatory-and-policy-framework/emergency-use-authorization#covid19euas, before November 3rd, 2020 (election day). Even if the vaccine is not widely distributed by that date, if an EUA is granted, the market will resolve to ""Yes"". If no EUA is granted for a vaccine by November 3rd, 2020, the market will resolve “No”. Note, this market is only for vaccines, not general treatment. In the event of ambiguity in terms of the market outcome, the market will be resolved at the sole discretion of the Markets Integrity Committee (MIC).\n', 'resolutionSource': 'https://www.fda.gov/emergency-preparedness-and-response/mcm-legal-regulatory-and-policy-framework/emergency-use-authorization#covid19euas', 'startDate': '2020-10-12T00:00:00Z', 'creationDate': '2020-10-12T00:00:00Z', 'endDate': '2022-02-01T00:00:00Z', 'image': 'https://polymarket-upload.s3.us-east-2.amazonaws.com/will-there-be-an-emergency-use-authorization-eua-granted-for-a-covid-19-vaccine-prior-to-nov-3-2020-d727247f-d3c2-4b91-8f59-7597e7c38d3d.png', 'icon': 'https://polymarket-upload.s3.us-east-2.amazonaws.com/will-there-be-an-emergency-use-authorization-eua-granted-for-a-covid-19-vaccine-prior-to-nov-3-2020-d727247f-d3c2-4b91-8f59-7597e7c38d3d.png', 'active': True, 'closed': True, 'archived': False, 'featured': False, 'restricted': False, 'liquidity': 0, 'volume': 21881.06, 'openInterest': 0, 'sortBy': 'ascending', 'category': 'Coronavirus', 'published_at': '2022-07-27 14:41:12.467+00', 'createdAt': '2022-07-27T14:41:12.471Z', 'updatedAt': '2024-04-25T21:01:29.721294Z', 'competitive': 0, 'volume24hr': 0, 'volume1wk': 0, 'volume1mo': 0, 'volume1yr': 0, 'liquidityAmm': 0, 'liquidityClob': 0, 'commentCount': 0, 'cyom': False, 'closedTime': '2022-07-27T14:41:12.471Z', 'showAllOutcomes': False, 'showMarketImages': True, 'enableNegRisk': False, 'negRiskAugmented': False, 'pendingDeployment': False, 'deploying': False}]",,False,False,False,0,False,True,0,0,1,0,0,0,0,0,0,0,1,True,False,False,[],False,False,False,False,False,,,https://www.fda.gov/emergency-preparedness-and-response/mcm-legal-regulatory-and-policy-framework/emergency-use-authorization#covid19euas,,,,,
8,43,"What will the total value locked (TVL) in DeFi be at the end of 2020, according to DefiPulse?",0x7333b6e016f7f60d86f15f11ed0b41b69deec0b6d73b86933639b1f39a545d87,what-will-the-total-value-locked-tvl-in-defi-be-at-the-end-of-2020-according-to-defipulse,https://polymarket-static.s3.us-east-2.amazonaws.com/polymarket-twitter-card.png,2021-01-02T00:00:00Z,Crypto,4.601742,https://polymarket-upload.s3.us-east-2.amazonaws.com/what-will-the-total-value-locked-tvl-in-defi-be-at-the-end-of-2020-according-to-defipulse-b42d02b7-1440-4604-83f3-5368d1b51f61.png,https://polymarket-upload.s3.us-east-2.amazonaws.com/what-will-the-total-value-locked-tvl-in-defi-be-at-the-end-of-2020-according-to-defipulse-b42d02b7-1440-4604-83f3-5368d1b51f61.png,"This is a scalar market on what the TVL metric on [Defipulse.com] (http://defipulse.com/) will be on December 31st, 2020. TVL stands for the Total Value of cryptoassets Locked as collateral in the most prominent defi protocols and applications, and is the most prolific metric in regards to tracking the growth and success of DeFi. In the past few months, the TVL has been rapidly growing, showing no signs of slowing down. This market forecasts the perceived growth of DeFi by the year's end. The lower bound of this market is $8 Billion, and upper bound is $20 Billion - the market will resolve proportionally to the bounds according to what the TVL is at 12pm EST, December 31st, 2020. Reference the calculator and Buy modal to the right to better understand how the prices of outcome shares correlates to the bounds of this scalar market. In the event of ambiguity in terms of the market outcome, the market will be resolved at the sole discretion of the Markets Integrity Committee (MIC).
","[""Long"", ""Short""]","[""0.5843311669077693146635445446077281"", ""0.4156688330922306853364554553922719""]",46944.579746,True,scalar,True,0xEb70cbb241d2947aa2c145B9F8F9dd97309e54B7,3,2020-10-12T22:00:05.791Z,2024-04-23T00:15:27.877266Z,2021-01-02 21:45:52+00,,False,False,46944.58,4.6,2021-01-02,True,True,0,0,0,0,"[""39300000801750313506415881962475878529141489415482379908932315503554876854698"", ""1993578487229597591293755303341708890459187725728713215820133740213314514940""]",True,0,0,0,0,0,0,"[{'id': '3847', 'ticker': 'what-will-the-total-value-locked-tvl-in-defi-be-at-the-end-of-2020-according-to-defipulse', 'slug': 'what-will-the-total-value-locked-tvl-in-defi-be-at-the-end-of-2020-according-to-defipulse', 'title': 'What will the total value locked (TVL) in DeFi be at the end of 2020, according to DefiPulse?', 'description': ""This is a scalar market on what the TVL metric on [Defipulse.com] (http://defipulse.com/) will be on December 31st, 2020. TVL stands for the Total Value of cryptoassets Locked as collateral in the most prominent defi protocols and applications, and is the most prolific metric in regards to tracking the growth and success of DeFi. In the past few months, the TVL has been rapidly growing, showing no signs of slowing down. This market forecasts the perceived growth of DeFi by the year's end. The lower bound of this market is $8 Billion, and upper bound is $20 Billion - the market will resolve proportionally to the bounds according to what the TVL is at 12pm EST, December 31st, 2020. Reference the calculator and Buy modal to the right to better understand how the prices of outcome shares correlates to the bounds of this scalar market. In the event of ambiguity in terms of the market outcome, the market will be resolved at the sole discretion of the Markets Integrity Committee (MIC).\n"", 'resolutionSource': 'defipulse.com', 'startDate': '2020-10-12T00:00:00Z', 'creationDate': '2020-10-12T00:00:00Z', 'endDate': '2021-01-02T00:00:00Z', 'image': 'https://polymarket-upload.s3.us-east-2.amazonaws.com/what-will-the-total-value-locked-tvl-in-defi-be-at-the-end-of-2020-according-to-defipulse-34b9f5b2-baa7-4b45-9ba4-bfe5383f1d73.png', 'icon': 'https://polymarket-upload.s3.us-east-2.amazonaws.com/what-will-the-total-value-locked-tvl-in-defi-be-at-the-end-of-2020-according-to-defipulse-34b9f5b2-baa7-4b45-9ba4-bfe5383f1d73.png', 'active': True, 'closed': True, 'archived': False, 'featured': False, 'restricted': False, 'liquidity': 0, 'volume': 46944.58, 'openInterest': 0, 'sortBy': 'ascending', 'category': 'Crypto', 'published_at': '2022-07-27 14:40:40.142+00', 'createdAt': '2022-07-27T14:40:40.145Z', 'updatedAt': '2024-04-25T21:19:10.330737Z', 'competitive': 0, 'volume24hr': 0, 'volume1wk': 0, 'volume1mo': 0, 'volume1yr': 0, 'liquidityAmm': 0, 'liquidityClob': 0, 'commentCount': 0, 'cyom': False, 'closedTime': '2022-07-27T14:40:40.145Z', 'showAllOutcomes': False, 'showMarketImages': True, 'enableNegRisk': False, 'negRiskAugmented': False, 'pendingDeployment': False, 'deploying': False}]",,False,False,False,0,False,True,0,0,1,0,0,0,0,0,0,0,1,True,False,False,[],False,False,False,False,False,,,defipulse.com,8000000000,20000000000,,,
9,44,"What will the USD price of Filecoin ($FIL) be on November 17th, 2020?",0xb2eecb8d14e871c5b82a3b037fc5f8b703c218e41aa578c8e870244585b9db78,what-will-the-usd-price-of-filecoin-fil-be-on-november-17th-2020,https://polymarket-static.s3.us-east-2.amazonaws.com/polymarket-twitter-card.png,2020-11-17T00:00:00Z,Crypto,190.134841,https://polymarket-upload.s3.us-east-2.amazonaws.com/what-will-the-usd-price-of-filecoin-fil-be-on-november-17th-2020-ea15dbd2-fb55-4de9-b493-25a52e2e89e1.png,https://polymarket-upload.s3.us-east-2.amazonaws.com/what-will-the-usd-price-of-filecoin-fil-be-on-november-17th-2020-ea15dbd2-fb55-4de9-b493-25a52e2e89e1.png,"This is a scalar market on what the USD price of 1 Filecoin ($FIL) will be on November 17th, 2020, at 2pm EST, according to Coingecko. The lower bound for this market is $10/FIL, and the upper bound is $50/FIL - you can use the calculator to the right (underneath the Buy modal) to calculate how each Long or Short share price corresponds with the FIL price. Long and Short shares will settle proportionally in the case of the final value being between these bounds, but if the final value exceeds either the upper or lower bound, the price of each Outcome Share is capped at $1. Refer to calculator. In the event of ambiguity in terms of the market outcome, the market will be resolved at the sole discretion of the Markets Integrity Committee (MIC).
","[""Long"", ""Short""]","[""0.4988929462743076960451117056339252"", ""0.5011070537256923039548882943660748""]",69947.098531,True,scalar,True,0x5a91461432cC131871beBb7adacE6523b95fEB51,9,2020-10-12T22:00:05.791Z,2024-04-22T22:52:57.507656Z,2020-11-18 22:31:12+00,3917359,False,False,69947.1,190.13,2022-03-01,True,True,0,0,0,0,"[""107699364100754617875486132785724523107969133188296890147988278666088935403692"", ""22109666543078076459357678702338675150149605914715142144925647528888085903187""]",True,0,0,0,0,0,0,"[{'id': '3932', 'ticker': 'what-will-the-usd-price-of-filecoin-fil-be-on-november-17th-2020', 'slug': 'what-will-the-usd-price-of-filecoin-fil-be-on-november-17th-2020', 'title': 'What will the USD price of Filecoin ($FIL) be on November 17th, 2020?', 'description': 'This is a scalar market on what the USD price of 1 Filecoin ($FIL) will be on November 17th, 2020, at 2pm EST, according to Coingecko. The lower bound for this market is $10/FIL, and the upper bound is $50/FIL - you can use the calculator to the right (underneath the Buy modal) to calculate how each Long or Short share price corresponds with the FIL price. Long and Short shares will settle proportionally in the case of the final value being between these bounds, but if the final value exceeds either the upper or lower bound, the price of each Outcome Share is capped at $1. Refer to calculator. In the event of ambiguity in terms of the market outcome, the market will be resolved at the sole discretion of the Markets Integrity Committee (MIC).\n', 'resolutionSource': 'coingecko.com', 'startDate': '2020-10-12T00:00:00Z', 'creationDate': '2020-10-12T00:00:00Z', 'endDate': '2022-03-01T00:00:00Z', 'image': 'https://polymarket-upload.s3.us-east-2.amazonaws.com/what-will-the-usd-price-of-filecoin-fil-be-on-november-17th-2020-23bb0bdd-ed5a-4f5f-949a-b33164be664f.png', 'icon': 'https://polymarket-upload.s3.us-east-2.amazonaws.com/what-will-the-usd-price-of-filecoin-fil-be-on-november-17th-2020-23bb0bdd-ed5a-4f5f-949a-b33164be664f.png', 'active': True, 'closed': True, 'archived': False, 'featured': False, 'restricted': False, 'liquidity': 0, 'volume': 69947.1, 'openInterest': 0, 'sortBy': 'ascending', 'category': 'Crypto', 'published_at': '2022-07-27 14:40:43.574+00', 'createdAt': '2022-07-27T14:40:43.577Z', 'updatedAt': '2024-04-25T19:24:46.490074Z', 'competitive': 0, 'volume24hr': 0, 'volume1wk': 0, 'volume1mo': 0, 'volume1yr': 0, 'liquidityAmm': 0, 'liquidityClob': 0, 'commentCount': 0, 'cyom': False, 'closedTime': '2022-07-27T14:40:43.577Z', 'showAllOutcomes': False, 'showMarketImages': True, 'enableNegRisk': False, 'negRiskAugmented': False, 'pendingDeployment': False, 'deploying': False}]",,False,False,False,0,False,True,0,0,1,0,0,0,0,0,0,0,1,True,False,False,[],False,False,False,False,False,,,coingecko.com,10,50,,,
10,46,Will Drake release a new studio album before the end of 2020?,0x3afe074f2b831c7a4b6817a2a0121e143db78b59f18c1e5ae5957ba53899c1aa,will-drake-release-a-new-studio-album-before-the-end-of-2020,https://polymarket-static.s3.us-east-2.amazonaws.com/polymarket-twitter-card.png,2021-01-02T00:00:00Z,Pop-Culture ,0,https://polymarket-upload.s3.us-east-2.amazonaws.com/will-drake-release-a-new-studio-album-before-the-end-of-2020-5ea30cee-f371-4c91-b421-3cb7f2f5bee9.png,https://polymarket-upload.s3.us-east-2.amazonaws.com/will-drake-release-a-new-studio-album-before-the-end-of-2020-5ea30cee-f371-4c91-b421-3cb7f2f5bee9.png,"This is a market on if Drake will release a new studio album before the end of 2020. A studio album in this case can be defined as a new project on his Spotify page in the Albums section, with 8 or more songs and a release date in 2020. This market begins in October 2020, thus Dark Lane Demo Tapes does not count. This market will resolve to “Yes” if a studio album is released and is available via Spotify for streaming prior to 11:59PM EST on Dec 31, 2020. If a studio album is not released on Spotify by the aforementioned date, this market will resolve “No.” In the event of ambiguity in terms of the market outcome, the market will be resolved at the sole discretion of the Markets Integrity Committee (MIC).
","[""Yes"", ""No""]","[""0"", ""0""]",31841.386373,True,normal,True,0x6907a4489CcdD77f04bf03C2a74148d494BE8E60,3,2020-10-12T22:00:05.798Z,2024-04-22T22:25:31.27433Z,2021-01-02 21:14:20+00,,False,False,31841.39,0.0,2022-02-20,True,True,0,0,0,0,"[""1729404552326411381868576583205906536216915063208913852624739899244675460946"", ""90695285167345161877954016599727540134758664118196308927535589670372109359207""]",True,0,0,0,0,0,0,"[{'id': '4818', 'ticker': 'will-drake-release-a-new-studio-album-before-the-end-of-2020', 'slug': 'will-drake-release-a-new-studio-album-before-the-end-of-2020', 'title': 'Will Drake release a new studio album before the end of 2020?', 'description': 'This is a market on if Drake will release a new studio album before the end of 2020. A studio album in this case can be defined as a new project on his Spotify page in the Albums section, with 8 or more songs and a release date in 2020. This market begins in October 2020, thus Dark Lane Demo Tapes does not count. This market will resolve to “Yes” if a studio album is released and is available via Spotify for streaming prior to 11:59PM EST on Dec 31, 2020. If a studio album is not released on Spotify by the aforementioned date, this market will resolve “No.” In the event of ambiguity in terms of the market outcome, the market will be resolved at the sole discretion of the Markets Integrity Committee (MIC).\n', 'resolutionSource': 'https://open.spotify.com/artist/3TVXtAsR1Inumwj472S9r4', 'startDate': '2020-10-12T00:00:00Z', 'creationDate': '2020-10-12T00:00:00Z', 'endDate': '2022-02-20T00:00:00Z', 'image': 'https://polymarket-upload.s3.us-east-2.amazonaws.com/will-drake-release-a-new-studio-album-before-the-end-of-2020-5343fa68-bd7a-4920-9c15-b40d6371fa1f.png', 'icon': 'https://polymarket-upload.s3.us-east-2.amazonaws.com/will-drake-release-a-new-studio-album-before-the-end-of-2020-5343fa68-bd7a-4920-9c15-b40d6371fa1f.png', 'active': True, 'closed': True, 'archived': False, 'featured': False, 'restricted': False, 'liquidity': 0, 'volume': 31841.39, 'openInterest': 0, 'sortBy': 'ascending', 'category': 'Pop-Culture ', 'published_at': '2022-07-27 14:41:16.779+00', 'createdAt': '2022-07-27T14:41:16.782Z', 'updatedAt': '2024-04-25T19:28:33.650257Z', 'competitive': 0, 'volume24hr': 0, 'volume1wk': 0, 'volume1mo': 0, 'volume1yr': 0, 'liquidityAmm': 0, 'liquidityClob': 0, 'commentCount': 0, 'cyom': False, 'closedTime': '2022-07-27T14:41:16.782Z', 'showAllOutcomes': False, 'showMarketImages': True, 'enableNegRisk': False, 'negRiskAugmented': False, 'pendingDeployment': False, 'deploying': False}]",,False,False,False,0,False,True,0,0,1,0,0,0,0,0,0,0,1,True,False,False,[],False,False,False,False,False,,,https://open.spotify.com/artist/3TVXtAsR1Inumwj472S9r4,,,,,
11,47,Which party will win Florida in the 2020 presidential election?,0xc64973cf7a20b3b114af9d918960f47cd1a70f2119819f7a434dfedc977560f0,which-party-will-win-florida-in-the-2020-presidential-election,https://polymarket-static.s3.us-east-2.amazonaws.com/polymarket-twitter-card.png,2020-11-20T00:00:00Z,US-current-affairs,0,https://polymarket-upload.s3.us-east-2.amazonaws.com/which-party-will-win-florida-in-the-2020-presidential-election-68c723a5-102b-4fcd-836b-5f3c43efa525.png,https://polymarket-upload.s3.us-east-2.amazonaws.com/which-party-will-win-florida-in-the-2020-presidential-election-68c723a5-102b-4fcd-836b-5f3c43efa525.png,"This is a market on which party will win Florida in the 2020 presidential election. This market will resolve based on the information made available by the Florida Division of Elections. Official results for the General Election to be held on November 3, 2020 will be available and certified on November 17, 2020. In the event of a recount or other unforeseen delay, the market will not resolve until the final information is published and certified by the Florida Division of Elections. 

Note: Dems = Democrats and Reps = Republicans. Names were shortened for the sake of space. In the event of ambiguity in terms of the market outcome, the market will be resolved at the sole discretion of the Markets Integrity Committee (MIC).","[""Dems"", ""Reps""]","[""0"", ""0""]",243053.252109,True,normal,True,0xd01550d5Fc2Db8b4f4F02d058d66Bfe15E42F391,9,2020-10-12T22:00:05.798Z,2024-04-22T22:56:25.783919Z,2020-11-04 15:24:41+00,3917379,False,False,243053.25,0.0,2020-11-20,True,True,0,0,0,0,"[""60856825431413938355964643218210536584999695030855499808898570568960469372605"", ""98321309478259855815381238141080326805099219250971016763029941423452074370652""]",True,0,0,0,0,0,0,"[{'id': '3846', 'ticker': 'which-party-will-win-florida-in-the-2020-presidential-election', 'slug': 'which-party-will-win-florida-in-the-2020-presidential-election', 'title': 'Which party will win Florida in the 2020 presidential election?', 'description': 'This is a market on which party will win Florida in the 2020 presidential election. This market will resolve based on the information made available by the Florida Division of Elections. Official results for the General Election to be held on November 3, 2020 will be available and certified on November 17, 2020. In the event of a recount or other unforeseen delay, the market will not resolve until the final information is published and certified by the Florida Division of Elections. \n\nNote: Dems = Democrats and Reps = Republicans. Names were shortened for the sake of space. In the event of ambiguity in terms of the market outcome, the market will be resolved at the sole discretion of the Markets Integrity Committee (MIC).', 'resolutionSource': 'https://dos.myflorida.com/elections/', 'startDate': '2020-10-12T00:00:00Z', 'creationDate': '2020-10-12T00:00:00Z', 'endDate': '2020-11-20T00:00:00Z', 'image': 'https://polymarket-upload.s3.us-east-2.amazonaws.com/which-party-will-win-florida-in-the-2020-presidential-election-21b4607a-7731-4f9c-8ebd-f4ceac5be160.png', 'icon': 'https://polymarket-upload.s3.us-east-2.amazonaws.com/which-party-will-win-florida-in-the-2020-presidential-election-21b4607a-7731-4f9c-8ebd-f4ceac5be160.png', 'active': True, 'closed': True, 'archived': False, 'featured': False, 'restricted': False, 'liquidity': 0, 'volume': 243053.25, 'openInterest': 0, 'sortBy': 'ascending', 'category': 'US-current-affairs', 'published_at': '2022-07-27 14:40:40.103+00', 'createdAt': '2022-07-27T14:40:40.107Z', 'updatedAt': '2024-04-25T19:49:42.927283Z', 'competitive': 0, 'volume24hr': 0, 'volume1wk': 0, 'volume1mo': 0, 'volume1yr': 0, 'liquidityAmm': 0, 'liquidityClob': 0, 'commentCount': 0, 'cyom': False, 'closedTime': '2022-07-27T14:40:40.107Z', 'showAllOutcomes': False, 'showMarketImages': True, 'enableNegRisk': False, 'negRiskAugmented': False, 'pendingDeployment': False, 'deploying': False}]",,False,False,False,0,False,True,0,0,1,0,0,0,0,0,0,0,1,True,False,False,[],False,False,False,False,False,,,https://dos.myflorida.com/elections/,,,,,True
12,48,How many confirmed Coronavirus cases will there be at EOY in the USA?,0x15ab6203f3d170e3db1282986f2bf38f6d17e63ba4ae8393d05ba5902ebb42db,how-many-confirmed-coronavirus-cases-will-there-be-at-eoy-in-the-usa,https://polymarket-static.s3.us-east-2.amazonaws.com/polymarket-twitter-card.png,2021-01-02T00:00:00Z,Coronavirus,1.937475,https://polymarket-upload.s3.us-east-2.amazonaws.com/how-many-confirmed-coronavirus-cases-will-there-be-at-eoy-in-the-usa-3ad2df05-e3cd-48bb-aa79-6a399bacea7d.png,https://polymarket-upload.s3.us-east-2.amazonaws.com/how-many-confirmed-coronavirus-cases-will-there-be-at-eoy-in-the-usa-3ad2df05-e3cd-48bb-aa79-6a399bacea7d.png,"This is a scalar market on the number of confirmed coronavirus cases there will be at the end of 2020 in the United States, according to https://coronavirus.jhu.edu/map.html. The lower bound for this market is 9 million and the upper bound is 15 million - you can use the calculator to the right (underneath the Buy modal) to calculate how each Long or Short share price corresponds with number of confirmed cases. The market will be settled according to https://coronavirus.jhu.edu/map.html at roughly 12am EST on January 1st, 2021. Long and Short shares will settle proportional to the final value, in the case of the final value being between these bounds, but if the final value exceeds either the upper or lower bound, the price of each Outcome Share is capped at $1. Refer to calculator. In the event of ambiguity in terms of the market outcome, the market will be resolved at the sole discretion of the Markets Integrity Committee (MIC).","[""Long"", ""Short""]","[""0.9999688709703679916078209460980032"", ""0.00003112902963200839217905390199679565""]",72112.484035,True,scalar,True,0xE2507A28ecA3AeD5DAf074730055e40DA41666F1,3,2020-10-12T22:00:05.798Z,2024-04-22T23:16:57.145733Z,2020-12-08 19:43:08+00,,False,False,72112.48,1.94,,True,True,0,0,0,0,"[""45195676575179298523571322149319216208536095278522742998606373218324532801468"", ""48758281521741892016680185414032991069275728562729492891596120286618003763153""]",True,0,0,0,0,0,0,"[{'id': '3822', 'ticker': 'how-many-confirmed-coronavirus-cases-will-there-be-at-eoy-in-the-usa', 'slug': 'how-many-confirmed-coronavirus-cases-will-there-be-at-eoy-in-the-usa', 'title': 'How many confirmed Coronavirus cases will there be at EOY in the USA?', 'description': 'This is a scalar market on the number of confirmed coronavirus cases there will be at the end of 2020 in the United States, according to https://coronavirus.jhu.edu/map.html. The lower bound for this market is 9 million and the upper bound is 15 million - you can use the calculator to the right (underneath the Buy modal) to calculate how each Long or Short share price corresponds with number of confirmed cases. The market will be settled according to https://coronavirus.jhu.edu/map.html at roughly 12am EST on January 1st, 2021. Long and Short shares will settle proportional to the final value, in the case of the final value being between these bounds, but if the final value exceeds either the upper or lower bound, the price of each Outcome Share is capped at $1. Refer to calculator. In the event of ambiguity in terms of the market outcome, the market will be resolved at the sole discretion of the Markets Integrity Committee (MIC).', 'resolutionSource': 'https://coronavirus.jhu.edu', 'startDate': '2020-10-12T00:00:00Z', 'creationDate': '2020-10-12T00:00:00Z', 'image': 'https://polymarket-upload.s3.us-east-2.amazonaws.com/how-many-confirmed-coronavirus-cases-will-there-be-at-eoy-in-the-usa-4ba9857c-bcb9-4128-bc4d-82689b4d26f4.png', 'icon': 'https://polymarket-upload.s3.us-east-2.amazonaws.com/how-many-confirmed-coronavirus-cases-will-there-be-at-eoy-in-the-usa-4ba9857c-bcb9-4128-bc4d-82689b4d26f4.png', 'active': True, 'closed': True, 'archived': False, 'featured': False, 'restricted': False, 'liquidity': 0, 'volume': 72112.48, 'openInterest': 0, 'sortBy': 'ascending', 'category': 'Coronavirus', 'published_at': '2022-07-27 14:40:39.181+00', 'createdAt': '2022-07-27T14:40:39.184Z', 'updatedAt': '2024-04-25T21:02:52.685238Z', 'competitive': 0, 'volume24hr': 0, 'volume1wk': 0, 'volume1mo': 0, 'volume1yr': 0, 'liquidityAmm': 0, 'liquidityClob': 0, 'commentCount': 0, 'cyom': False, 'closedTime': '2022-07-27T14:40:39.184Z', 'showAllOutcomes': False, 'showMarketImages': True, 'enableNegRisk': False, 'negRiskAugmented': False, 'pendingDeployment': False, 'deploying': False}]",,False,False,False,0,False,True,0,0,1,0,0,0,0,0,0,0,1,True,False,False,[],False,False,False,False,False,,,https://coronavirus.jhu.edu,9000000,15000000,number,,
13,56,Who will win the 2020 MLB World Series?,0x49f8ecc29c12ec5ed2a5085bb152b052dc8d5611389f0f2ffe66390404a9b782,who-will-win-the-2020-mlb-world-series-1,https://polymarket-static.s3.us-east-2.amazonaws.com/polymarket-twitter-card.png,2020-10-29T00:00:00Z,Pop-Culture ,0,https://polymarket-upload.s3.us-east-2.amazonaws.com/who-will-win-the-2020-mlb-world-series-042bafda-3ed2-4aa2-80d0-f957bb7b04c9.png,https://polymarket-upload.s3.us-east-2.amazonaws.com/who-will-win-the-2020-mlb-world-series-042bafda-3ed2-4aa2-80d0-f957bb7b04c9.png,"This is a market on which team will win the 2020 Major League Baseball world series. The World Series is the annual championship series of Major League Baseball in the United States and Canada, contested since 1903 between the champion teams of the American League and the National League. The two 2020 contenders are the Tampa Bay Rays and the Los Angeles Dodgers. This market will resolve according to the team that first wins 4 games of this 7 game series.","[""Rays"", ""Dodgers""]","[""0"", ""0""]",107601.586423,True,normal,True,0x3998e8757db89Fe0171871dE999A1ffFe31650C6,3,2020-10-20T18:20:05.236Z,2024-04-22T22:25:22.671171Z,2020-10-28 15:34:57+00,,False,False,107601.59,0.0,,True,True,0,0,0,0,"[""80128274540141024623315816607235446120837057985755905202627782662004800592739"", ""22387391163746976121889486501937274883479625580110634015715353412852441278190""]",True,0,0,0,0,0,0,"[{'id': '3797', 'ticker': 'who-will-win-the-2020-mlb-world-series-1', 'slug': 'who-will-win-the-2020-mlb-world-series-1', 'title': 'Who will win the 2020 MLB World Series?', 'description': 'This is a market on which team will win the 2020 Major League Baseball world series. The World Series is the annual championship series of Major League Baseball in the United States and Canada, contested since 1903 between the champion teams of the American League and the National League. The two 2020 contenders are the Tampa Bay Rays and the Los Angeles Dodgers. This market will resolve according to the team that first wins 4 games of this 7 game series.', 'resolutionSource': 'mlb.com/news', 'startDate': '2020-10-20T00:00:00Z', 'creationDate': '2020-10-20T00:00:00Z', 'endDate': '2020-10-29T00:00:00Z', 'image': 'https://polymarket-upload.s3.us-east-2.amazonaws.com/who-will-win-the-2020-mlb-world-series-46a1246b-52c4-4fb7-bb4e-12c7bfec11f3.png', 'icon': 'https://polymarket-upload.s3.us-east-2.amazonaws.com/who-will-win-the-2020-mlb-world-series-46a1246b-52c4-4fb7-bb4e-12c7bfec11f3.png', 'active': True, 'closed': True, 'archived': False, 'featured': False, 'restricted': False, 'liquidity': 0, 'volume': 107601.59, 'openInterest': 0, 'sortBy': 'ascending', 'category': 'Pop-Culture ', 'published_at': '2022-07-27 14:40:38.261+00', 'createdAt': '2022-07-27T14:40:38.265Z', 'updatedAt': '2024-04-25T19:37:20.530087Z', 'competitive': 0, 'volume24hr': 0, 'volume1wk': 0, 'volume1mo': 0, 'volume1yr': 0, 'liquidityAmm': 0, 'liquidityClob': 0, 'commentCount': 7208, 'series': [{'id': '3', 'ticker': 'mlb', 'slug': 'mlb', 'title': 'MLB', 'seriesType': 'single', 'recurrence': 'daily', 'image': 'https://polymarket-upload.s3.us-east-2.amazonaws.com/Repetitive-markets/MLB.jpg', 'icon': 'https://polymarket-upload.s3.us-east-2.amazonaws.com/Repetitive-markets/MLB.jpg', 'layout': 'default', 'active': True, 'closed': False, 'archived': False, 'new': False, 'featured': False, 'restricted': True, 'publishedAt': '2022-10-13 00:37:11.511+00', 'createdBy': '15', 'updatedBy': '15', 'createdAt': '2022-10-13T00:37:01.013Z', 'updatedAt': '2025-10-14T12:04:06.579115Z', 'commentsEnabled': False, 'competitive': '0', 'volume24hr': 0, 'volume': 405207.298944, 'liquidity': 537804.5745, 'startDate': '2021-01-01T17:00:00Z', 'commentCount': 6375}], 'cyom': False, 'closedTime': '2022-07-27T14:40:38.265Z', 'showAllOutcomes': False, 'showMarketImages': True, 'enableNegRisk': False, 'seriesSlug': 'mlb', 'negRiskAugmented': False, 'pendingDeployment': False, 'deploying': False}]",,False,False,False,0,False,True,0,0,1,0,0,0,0,0,0,0,1,True,False,False,[],False,False,False,False,False,,,mlb.com/news,,,,,True
14,57,Will Dharma’s Phase 1 Retroactive UNI Distribution proposal pass?,0xde12c76b349c3b90ed4855ad22ee2e6f794b5c440de91388d86ace1dd0da358f,will-dharma-s-phase-1-retroactive-uni-distribution-proposal-pass,https://polymarket-static.s3.us-east-2.amazonaws.com/polymarket-twitter-card.png,2020-10-31T00:00:00Z,Crypto,0,https://polymarket-upload.s3.us-east-2.amazonaws.com/will-dharmas-phase-1-retroactive-uni-distribution-proposal-pass-d44e2a5f-e0b7-4d37-a03b-169d6b56797c.png,https://polymarket-upload.s3.us-east-2.amazonaws.com/will-dharmas-phase-1-retroactive-uni-distribution-proposal-pass-d44e2a5f-e0b7-4d37-a03b-169d6b56797c.png,"This is a market on if Dharma’s “Phase 1” Uniswap (UNI) governance proposal, described as “Retroactive UNI Distribution”, will pass. As of the date of market creation, 10-21-20, Dharma has announced their intention to submit a UNI governance proposal on October 23rd, 2020, for essentially airdropping UNI to users who traded on Uniswap through  applications like Dharma, prior to the UNI airdrop snapshot. “Phase 1 includes users of the application integrations”. The Phase 1 proposal can be empirically defined as a UNI governance proposal submitted in late October 2020, that encompasses airdropping UNI retroactively to users of apps that had integrated Uniswap. This market will resolve to “Yes” if this proposal is successfully passed, and “No” in any other case. This market will resolve once the 7 day voting period after the proposal is finished.","[""Yes"", ""No""]","[""0"", ""0""]",35661.941003,True,normal,True,0x590f2C3E88e3d4FB44D8eb2472cD854197041a8e,3,2020-10-21T21:00:05.999Z,2024-04-22T22:41:15.600538Z,2020-10-31 00:23:23+00,,False,False,35661.94,0.0,2022-02-02,True,True,0,0,0,0,"[""72218237979282777228049705424647682506448885729323094146056564018197398411018"", ""76731769693516352587522885170441797646765264652411014962662144189430623780323""]",True,0,0,0,0,0,0,"[{'id': '3848', 'ticker': 'will-dharma-s-phase-1-retroactive-uni-distribution-proposal-pass', 'slug': 'will-dharma-s-phase-1-retroactive-uni-distribution-proposal-pass', 'title': 'Will Dharma’s Phase 1 Retroactive UNI Distribution proposal pass?', 'description': 'This is a market on if Dharma’s “Phase 1” Uniswap (UNI) governance proposal, described as “Retroactive UNI Distribution”, will pass. As of the date of market creation, 10-21-20, Dharma has announced their intention to submit a UNI governance proposal on October 23rd, 2020, for essentially airdropping UNI to users who traded on Uniswap through  applications like Dharma, prior to the UNI airdrop snapshot. “Phase 1 includes users of the application integrations”. The Phase 1 proposal can be empirically defined as a UNI governance proposal submitted in late October 2020, that encompasses airdropping UNI retroactively to users of apps that had integrated Uniswap. This market will resolve to “Yes” if this proposal is successfully passed, and “No” in any other case. This market will resolve once the 7 day voting period after the proposal is finished.', 'resolutionSource': 'https://app.uniswap.org/#/vote', 'startDate': '2020-10-21T00:00:00Z', 'creationDate': '2020-10-21T00:00:00Z', 'endDate': '2022-02-02T00:00:00Z', 'image': 'https://polymarket-upload.s3.us-east-2.amazonaws.com/will-dharmas-phase-1-retroactive-uni-distribution-proposal-pass-e04a179d-8293-4042-8448-1f6dfe1ab7d0.png', 'icon': 'https://polymarket-upload.s3.us-east-2.amazonaws.com/will-dharmas-phase-1-retroactive-uni-distribution-proposal-pass-e04a179d-8293-4042-8448-1f6dfe1ab7d0.png', 'active': True, 'closed': True, 'archived': False, 'featured': False, 'restricted': False, 'liquidity': 0, 'volume': 35661.94, 'openInterest': 0, 'sortBy': 'ascending', 'category': 'Crypto', 'published_at': '2022-07-27 14:40:40.197+00', 'createdAt': '2022-07-27T14:40:40.201Z', 'updatedAt': '2024-04-25T19:57:19.742226Z', 'competitive': 0, 'volume24hr': 0, 'volume1wk': 0, 'volume1mo': 0, 'volume1yr': 0, 'liquidityAmm': 0, 'liquidityClob': 0, 'commentCount': 0, 'cyom': False, 'closedTime': '2022-07-27T14:40:40.201Z', 'showAllOutcomes': False, 'showMarketImages': True, 'enableNegRisk': False, 'negRiskAugmented': False, 'pendingDeployment': False, 'deploying': False}]",,False,False,False,0,False,True,0,0,1,0,0,0,0,0,0,0,1,True,False,False,[],False,False,False,False,False,,,https://app.uniswap.org/#/vote,,,,,
15,59,Will there be a federal charge filed against Hunter Biden before 2021?,0x1eb44a4bc1927ce53afd89826def6b5752eaeb384726b4eb4ff31349b1e6523f,will-there-be-a-federal-charge-filed-against-hunter-biden-before-2021,https://polymarket-static.s3.us-east-2.amazonaws.com/polymarket-twitter-card.png,2021-01-02T00:00:00Z,US-current-affairs,0.13149,https://polymarket-upload.s3.us-east-2.amazonaws.com/will-there-be-a-federal-charge-filed-against-hunter-biden-before-2021-13153b30-c6d7-4900-8a45-f4fd58c233fa.png,https://polymarket-upload.s3.us-east-2.amazonaws.com/will-there-be-a-federal-charge-filed-against-hunter-biden-before-2021-13153b30-c6d7-4900-8a45-f4fd58c233fa.png,"This is a market on whether Hunter Biden, son of former U.S. Vice President Joe Biden, shall be indicted or otherwise formally charged with a federal crime, as publicly confirmed on or before December 31, 2020 by an authorized representative of the charging agency(ies) or judicial venue(s). If he is charged with a federal crime, before December 31, 2020, this market will resolve “Yes” if he is charged with any crime that is not a federal crime or is not charged with any crimes, this market will resolve “No”.","[""Yes"", ""No""]","[""0.0000002365760136311761420505896616707271"", ""0.9999997634239863688238579494103383""]",127476.154269,True,normal,True,0xb91bBF036960f043EE4a1ac7dF50Fe376979Bdba,3,2020-10-21T21:00:06.008Z,2024-04-23T00:33:55.089623Z,2021-01-02 21:32:30+00,,False,False,127476.15,0.13,2021-01-02,True,True,0,0,0,0,"[""1333561691550250390896048226342781107074297618285636393912534214135261982511"", ""56218330007703834540237030699973591274789077677190779631504078271974549342737""]",True,0,0,0,0,0,0,"[{'id': '5182', 'ticker': 'will-there-be-a-federal-charge-filed-against-hunter-biden-before-2021', 'slug': 'will-there-be-a-federal-charge-filed-against-hunter-biden-before-2021', 'title': 'Will there be a federal charge filed against Hunter Biden before 2021?', 'description': 'This is a market on whether Hunter Biden, son of former U.S. Vice President Joe Biden, shall be indicted or otherwise formally charged with a federal crime, as publicly confirmed on or before December 31, 2020 by an authorized representative of the charging agency(ies) or judicial venue(s). If he is charged with a federal crime, before December 31, 2020, this market will resolve “Yes” if he is charged with any crime that is not a federal crime or is not charged with any crimes, this market will resolve “No”.', 'startDate': '2020-10-21T00:00:00Z', 'creationDate': '2020-10-21T00:00:00Z', 'endDate': '2021-01-02T00:00:00Z', 'image': 'https://polymarket-upload.s3.us-east-2.amazonaws.com/will-there-be-a-federal-charge-filed-against-hunter-biden-before-2021-1eca18d8-0699-4183-aae5-490599e09e80.png', 'icon': 'https://polymarket-upload.s3.us-east-2.amazonaws.com/will-there-be-a-federal-charge-filed-against-hunter-biden-before-2021-1eca18d8-0699-4183-aae5-490599e09e80.png', 'active': True, 'closed': True, 'archived': False, 'featured': False, 'restricted': False, 'liquidity': 0, 'volume': 127476.15, 'openInterest': 0, 'sortBy': 'ascending', 'category': 'US-current-affairs', 'published_at': '2022-07-27 14:41:30.592+00', 'createdAt': '2022-07-27T14:41:30.595Z', 'updatedAt': '2024-04-25T19:20:31.782332Z', 'competitive': 0, 'volume24hr': 0, 'volume1wk': 0, 'volume1mo': 0, 'volume1yr': 0, 'liquidityAmm': 0, 'liquidityClob': 0, 'commentCount': 0, 'cyom': False, 'closedTime': '2022-07-27T14:41:30.595Z', 'showAllOutcomes': False, 'showMarketImages': True, 'enableNegRisk': False, 'negRiskAugmented': False, 'pendingDeployment': False, 'deploying': False}]",,False,False,False,0,False,True,0,0,1,0,0,0,0,0,0,0,1,True,False,False,[],False,False,False,False,False,,,,,,,,
16,63,Will BTC break $15k before 2021?,0x7b02c10a310f38be83ae0dbbb5caa96722a69ae1488b1ac5c2003bccd70ac021,will-btc-break-15k-before-2021-1,https://polymarket-static.s3.us-east-2.amazonaws.com/polymarket-twitter-card.png,2021-01-01T00:00:00Z,Crypto,0,https://polymarket-upload.s3.us-east-2.amazonaws.com/will-btc-break-15k-before-2021-127cae90-e9fb-4fcd-a8db-5dbe657a50de.png,https://polymarket-upload.s3.us-east-2.amazonaws.com/will-btc-break-15k-before-2021-127cae90-e9fb-4fcd-a8db-5dbe657a50de.png,"This is a market on whether BTC (bitcoin) will reach a price higher than USD $15,000 before the end of the 2020 calendar year according to coinmarketcap.com. If bitcoin reaches a price higher than $15,000 this market will be resolved to “Yes” shortly thereafter. If bitcoin does not reach a price higher than $15,000 by 11:59 PM ET Dec 31, 2020, this market will resolve to “No”.","[""Yes"", ""No""]","[""0"", ""0""]",224706.488667,True,normal,True,0xFF8Fa2b29f4C71C09c3D17BAaed6778C07235443,3,2020-10-22T16:50:03.826Z,2024-04-22T22:56:04.76895Z,2020-11-05 16:16:17+00,,False,False,224706.49,0.0,2022-01-12,True,True,0,0,0,0,"[""81489679527234870363655397325586438057198526422665424757123802116412728199295"", ""49766556628062086013472587707046514950870842420956058689393245878472316276945""]",True,0,0,0,0,0,0,"[{'id': '6116', 'ticker': 'will-btc-break-15k-before-2021-1', 'slug': 'will-btc-break-15k-before-2021-1', 'title': 'Will BTC break $15k before 2021?', 'description': 'This is a market on whether BTC (bitcoin) will reach a price higher than USD $15,000 before the end of the 2020 calendar year according to coinmarketcap.com. If bitcoin reaches a price higher than $15,000 this market will be resolved to “Yes” shortly thereafter. If bitcoin does not reach a price higher than $15,000 by 11:59 PM ET Dec 31, 2020, this market will resolve to “No”.', 'resolutionSource': 'coinmarketcap.com', 'startDate': '2020-10-22T00:00:00Z', 'creationDate': '2020-10-22T00:00:00Z', 'endDate': '2022-01-12T00:00:00Z', 'image': 'https://polymarket-upload.s3.us-east-2.amazonaws.com/will-btc-break-15k-before-2021-cf925026-2baf-43e3-9935-4f67b1d9cd78.png', 'icon': 'https://polymarket-upload.s3.us-east-2.amazonaws.com/will-btc-break-15k-before-2021-cf925026-2baf-43e3-9935-4f67b1d9cd78.png', 'active': True, 'closed': True, 'archived': False, 'featured': False, 'restricted': False, 'liquidity': 0, 'volume': 224706.49, 'openInterest': 0, 'sortBy': 'ascending', 'published_at': '2022-08-22 16:45:16.872+00', 'createdAt': '2022-08-22T16:46:17.082Z', 'updatedAt': '2024-04-25T21:00:29.54331Z', 'commentsEnabled': False, 'competitive': 0, 'volume24hr': 0, 'volume1wk': 0, 'volume1mo': 0, 'volume1yr': 0, 'liquidityAmm': 0, 'liquidityClob': 0, 'commentCount': 2371, 'series': [{'id': '45', 'ticker': 'btc-multi-strikes-weekly', 'slug': 'btc-multi-strikes-weekly', 'title': 'BTC Multi Strikes Weekly', 'subtitle': 'BTC', 'seriesType': 'single', 'recurrence': 'weekly', 'image': 'https://polymarket.com/_next/image?url=https%3A%2F%2Fpolymarket-upload.s3.us-east-2.amazonaws.com%2Fwill-btc-r_7bfde384d001ec27dfc6513c3c13161c_256x256_qual_100.webp&w=256&q=100', 'icon': 'https://polymarket-upload.s3.us-east-2.amazonaws.com/BTC.png', 'layout': 'default', 'active': True, 'closed': False, 'archived': False, 'new': False, 'featured': False, 'restricted': True, 'publishedAt': '2023-04-11 18:00:01.087+00', 'createdBy': '15', 'updatedBy': '17', 'createdAt': '2023-04-11T17:58:52.163Z', 'updatedAt': '2025-10-14T12:04:07.171847Z', 'commentsEnabled': False, 'competitive': '0', 'volume24hr': 0, 'volume': 3340608.65086, 'liquidity': 857204.21481, 'startDate': '2021-01-01T17:00:00Z', 'pythTokenID': '0xe62df6c8b4a85fe1a67db44dc12de5db330f7ac66b72dc658afedf0f4a415b43', 'cgAssetName': 'bitcoin', 'commentCount': 2343}], 'cyom': False, 'closedTime': '2022-08-22T16:46:17.082Z', 'showAllOutcomes': False, 'showMarketImages': True, 'enableNegRisk': False, 'seriesSlug': 'btc-weeklies', 'negRiskAugmented': False, 'pendingDeployment': False, 'deploying': False}]",,False,False,False,0,False,True,0,0,1,0,0,0,0,0,0,0,1,True,False,False,[],False,False,False,False,False,,,coinmarketcap.com,,,,,
17,64,Will Khabib win his UFC 254 Fight?,0x128dd10748d92137d5057bed92b6c187c0a000a9a94f1a75d4a618b09eac629b,will-khabib-win-his-ufc-254-fight,https://polymarket-static.s3.us-east-2.amazonaws.com/polymarket-twitter-card.png,2020-10-25T00:00:00Z,Pop-Culture ,0,https://polymarket-upload.s3.us-east-2.amazonaws.com/will-khabib-win-his-ufc-254-fight-daf2f440-1745-4acb-9b81-c8203f687d40.png,https://polymarket-upload.s3.us-east-2.amazonaws.com/will-khabib-win-his-ufc-254-fight-daf2f440-1745-4acb-9b81-c8203f687d40.png,"This is a market on whether Khabib Nurmagomedov will win his UFC 254 fight against Justin Gaethje. If Khabib Nurmagomedov is declared the winner of this bout, either by knockout or by judgement, this market will resolve “Yes.” If Justin Gaethje is declared the winner, or this fight is declared a draw, this market will resolve to “No”.
","[""Yes"", ""No""]","[""0"", ""0""]",17497.115264,True,normal,True,0xFA358602f63fF069794595fbEe98D4571d8Da2C7,3,2020-10-23T21:10:04.397Z,2024-04-22T22:47:24.301401Z,2020-10-25 20:25:48+00,,False,False,17497.12,0.0,2022-01-30,True,True,0,0,0,0,"[""100232160017370045082799596071534756072165126497282765477986759169842636126634"", ""815961791573087680938811073457335560330133130944465790154979059032215690212""]",True,0,0,0,0,0,0,"[{'id': '4801', 'ticker': 'will-khabib-win-his-ufc-254-fight', 'slug': 'will-khabib-win-his-ufc-254-fight', 'title': 'Will Khabib win his UFC 254 Fight?', 'description': 'This is a market on whether Khabib Nurmagomedov will win his UFC 254 fight against Justin Gaethje. If Khabib Nurmagomedov is declared the winner of this bout, either by knockout or by judgement, this market will resolve “Yes.” If Justin Gaethje is declared the winner, or this fight is declared a draw, this market will resolve to “No”.\n', 'resolutionSource': 'https://www.ufc.com/event/ufc-254', 'startDate': '2020-10-23T00:00:00Z', 'creationDate': '2020-10-23T00:00:00Z', 'endDate': '2022-01-30T00:00:00Z', 'image': 'https://polymarket-upload.s3.us-east-2.amazonaws.com/will-khabib-win-his-ufc-254-fight-3c44b2d2-97fe-4015-bde2-f78c95e98b39.png', 'icon': 'https://polymarket-upload.s3.us-east-2.amazonaws.com/will-khabib-win-his-ufc-254-fight-3c44b2d2-97fe-4015-bde2-f78c95e98b39.png', 'active': True, 'closed': True, 'archived': False, 'featured': False, 'restricted': False, 'liquidity': 0, 'volume': 17497.12, 'openInterest': 0, 'sortBy': 'ascending', 'category': 'Pop-Culture ', 'published_at': '2022-07-27 14:41:16.143+00', 'createdAt': '2022-07-27T14:41:16.146Z', 'updatedAt': '2024-04-22T21:24:39.990942Z', 'competitive': 0, 'volume24hr': 0, 'volume1wk': 0, 'volume1mo': 0, 'volume1yr': 0, 'liquidityAmm': 0, 'liquidityClob': 0, 'commentCount': 261, 'series': [{'id': '38', 'ticker': 'ufc', 'slug': 'ufc', 'title': 'UFC', 'seriesType': 'single', 'recurrence': 'weekly', 'image': 'https://polymarket-upload.s3.us-east-2.amazonaws.com/Repetitive-markets/ufclogo.png', 'icon': 'https://polymarket-upload.s3.us-east-2.amazonaws.com/Repetitive-markets/ufclogo.png', 'layout': 'default', 'active': True, 'closed': False, 'archived': False, 'new': False, 'featured': False, 'restricted': True, 'publishedAt': '2023-03-08 16:15:53.316+00', 'createdBy': '15', 'updatedBy': '15', 'createdAt': '2023-03-08T16:13:09.964Z', 'updatedAt': '2025-10-14T12:04:06.395449Z', 'commentsEnabled': False, 'competitive': '0', 'volume24hr': 0, 'volume': 148947.492665, 'liquidity': 119229.6819, 'startDate': '2021-01-01T17:03:04Z', 'commentCount': 256}], 'cyom': False, 'closedTime': '2022-07-27T14:41:16.146Z', 'showAllOutcomes': False, 'showMarketImages': True, 'enableNegRisk': False, 'seriesSlug': 'ufc', 'negRiskAugmented': False, 'pendingDeployment': False, 'deploying': False}]",,False,False,False,0,False,True,0,0,1,0,0,0,0,0,0,0,1,True,False,False,[],False,False,False,False,False,,,https://www.ufc.com/event/ufc-254,,,,,
18,65,Will 538 outperform The Economist in forecasting the 2020 Presidential Election?,0xdc9bc87850a00c051c902f6d10355ec6412a08a56aa2e81b59beb3e9b80a11b3,will-538-outperform-the-economist-in-forecasting-the-2020-presidential-election,https://polymarket-static.s3.us-east-2.amazonaws.com/polymarket-twitter-card.png,2020-11-20T00:00:00Z,US-current-affairs,0,https://polymarket-upload.s3.us-east-2.amazonaws.com/will-538-outperform-the-economist-in-forecasting-the-2020-presidential-election-cb3516e6-e193-4573-9f60-bb56886af14e.png,https://polymarket-upload.s3.us-east-2.amazonaws.com/will-538-outperform-the-economist-in-forecasting-the-2020-presidential-election-cb3516e6-e193-4573-9f60-bb56886af14e.png,"This is a market on whether 538 will outperform The Economist in forecasting the 2020 Presidential Election. This market will be resolved by comparing the Brier score of 538 and the Economist averaged over all N=51 races. The calculation is further explained here: https://www.metaculus.com/questions/5503/comparing-538-and-economist-forecasts-in-2020/. This market resolves to ""Yes"" if the Brier score for the 51 races is lower for 538's probabilities than for The Economist's probabilities. The resolution source is based on downloading each model's ""model outputs"" from their respective websites at 1400 UTC 02-Nov-2020. This market will be resolved in the exact same way the aforementioned Metaculus question thread, given that the result is calculated to the satisfaction of the Market Integrity Committee.","[""Yes"", ""No""]","[""0"", ""0""]",81312.461764,True,normal,True,0xbB88D6E57634576758a730b1568B0EFb65A49E31,9,2020-10-27T17:35:06.01Z,2024-04-24T23:56:03.663814Z,2020-11-16 17:14:17+00,3917371,False,False,81312.46,0.0,2020-11-20,True,True,0,0,0,0,"[""53533658763927947576373388517988930480829837993713096953177814292716552867756"", ""37199465204873072410510986589521474694250717761982034269819974365744047098990""]",True,0,0,0,0,0,0,"[{'id': '4819', 'ticker': 'will-538-outperform-the-economist-in-forecasting-the-2020-presidential-election', 'slug': 'will-538-outperform-the-economist-in-forecasting-the-2020-presidential-election', 'title': 'Will 538 outperform The Economist in forecasting the 2020 Presidential Election?', 'description': 'This is a market on whether 538 will outperform The Economist in forecasting the 2020 Presidential Election. This market will be resolved by comparing the Brier score of 538 and the Economist averaged over all N=51 races. The calculation is further explained here: https://www.metaculus.com/questions/5503/comparing-538-and-economist-forecasts-in-2020/. This market resolves to ""Yes"" if the Brier score for the 51 races is lower for 538\'s probabilities than for The Economist\'s probabilities. The resolution source is based on downloading each model\'s ""model outputs"" from their respective websites at 1400 UTC 02-Nov-2020. This market will be resolved in the exact same way the aforementioned Metaculus question thread, given that the result is calculated to the satisfaction of the Market Integrity Committee.', 'resolutionSource': 'https://www.metaculus.com/questions/5503/comparing-538-and-economist-forecasts-in-2020/', 'startDate': '2020-10-27T00:00:00Z', 'creationDate': '2020-10-27T00:00:00Z', 'endDate': '2020-11-20T00:00:00Z', 'image': 'https://polymarket-upload.s3.us-east-2.amazonaws.com/will-538-outperform-the-economist-in-forecasting-the-2020-presidential-election-4c63ea4d-cc27-4cf4-a695-f97a96559052.png', 'icon': 'https://polymarket-upload.s3.us-east-2.amazonaws.com/will-538-outperform-the-economist-in-forecasting-the-2020-presidential-election-4c63ea4d-cc27-4cf4-a695-f97a96559052.png', 'active': True, 'closed': True, 'archived': False, 'featured': False, 'restricted': False, 'liquidity': 0, 'volume': 81312.46, 'openInterest': 0, 'sortBy': 'ascending', 'category': 'US-current-affairs', 'published_at': '2022-07-27 14:41:16.819+00', 'createdAt': '2022-07-27T14:41:16.822Z', 'updatedAt': '2024-04-23T23:03:59.957859Z', 'competitive': 0, 'volume24hr': 0, 'volume1wk': 0, 'volume1mo': 0, 'volume1yr': 0, 'liquidityAmm': 0, 'liquidityClob': 0, 'commentCount': 0, 'cyom': False, 'closedTime': '2022-07-27T14:41:16.822Z', 'showAllOutcomes': False, 'showMarketImages': True, 'enableNegRisk': False, 'negRiskAugmented': False, 'pendingDeployment': False, 'deploying': False}]",,False,False,False,0,False,True,0,0,1,0,0,0,0,0,0,0,1,True,False,False,[],False,False,False,False,False,,,https://www.metaculus.com/questions/5503/comparing-538-and-economist-forecasts-in-2020/,,,,,
19,66,Who will win the 2020 League of Legends World Championship?,0x780c0f4d66006c95e346b3fdb296707b234aba1a00e7acba6323d1c2f856b6f9,who-will-win-the-2020-league-of-legends-world-championship,https://polymarket-static.s3.us-east-2.amazonaws.com/polymarket-twitter-card.png,2021-11-01T00:00:00Z,Pop-Culture ,0,https://polymarket-upload.s3.us-east-2.amazonaws.com/who-will-win-the-2020-league-of-legends-world-championship-4f86893c-dfea-4546-907e-ace404bcece8.png,https://polymarket-upload.s3.us-east-2.amazonaws.com/who-will-win-the-2020-league-of-legends-world-championship-4f86893c-dfea-4546-907e-ace404bcece8.png,"This is a market on which team will win the 2020 league of legends world championship, taking place on October 31st, 2020. The two teams competing are SN Gaming (Suning) and Damwon. Whichever team wins the Championship will have their shares become worth $1. If the game gets postponed, this market will not be resolved until the match takes place. If for some reason neither team wins, the market will resolve with both outcome shares being worth $.50 cents. This market will resolve according to the information published at https://lolesports.com/news following the match. ","[""Damwon"", ""Suning""]","[""0"", ""0""]",84205.451739,True,normal,True,0xA4D821C02DC74bFCC883e0C4700FDb4531b9327f,9,2020-10-27T21:40:03.746Z,2024-04-23T00:41:16.671305Z,2020-11-01 22:20:27+00,3917363,False,False,84205.45,0.0,2022-01-13,True,True,0,0,0,0,"[""105104581338576429268357347529823581162598821797457643758239969314113345373365"", ""6671922635678023460317612186903727524883421159043360342126653511917319848209""]",True,0,0,0,0,0,0,"[{'id': '3801', 'ticker': 'who-will-win-the-2020-league-of-legends-world-championship', 'slug': 'who-will-win-the-2020-league-of-legends-world-championship', 'title': 'Who will win the 2020 League of Legends World Championship?', 'description': 'This is a market on which team will win the 2020 league of legends world championship, taking place on October 31st, 2020. The two teams competing are SN Gaming (Suning) and Damwon. Whichever team wins the Championship will have their shares become worth $1. If the game gets postponed, this market will not be resolved until the match takes place. If for some reason neither team wins, the market will resolve with both outcome shares being worth $.50 cents. This market will resolve according to the information published at https://lolesports.com/news following the match. ', 'resolutionSource': 'https://lolesports.com/news', 'startDate': '2020-10-27T00:00:00Z', 'creationDate': '2020-10-27T00:00:00Z', 'endDate': '2022-01-13T00:00:00Z', 'image': 'https://polymarket-upload.s3.us-east-2.amazonaws.com/who-will-win-the-2020-league-of-legends-world-championship-d844af3e-0fbb-4709-8aa0-ed6ed72b7824.png', 'icon': 'https://polymarket-upload.s3.us-east-2.amazonaws.com/who-will-win-the-2020-league-of-legends-world-championship-d844af3e-0fbb-4709-8aa0-ed6ed72b7824.png', 'active': True, 'closed': True, 'archived': False, 'featured': False, 'restricted': False, 'liquidity': 0, 'volume': 84205.45, 'openInterest': 0, 'sortBy': 'ascending', 'category': 'Pop-Culture ', 'published_at': '2022-07-27 14:40:38.407+00', 'createdAt': '2022-07-27T14:40:38.41Z', 'updatedAt': '2024-04-25T21:00:21.013549Z', 'competitive': 0, 'volume24hr': 0, 'volume1wk': 0, 'volume1mo': 0, 'volume1yr': 0, 'liquidityAmm': 0, 'liquidityClob': 0, 'commentCount': 0, 'cyom': False, 'closedTime': '2022-07-27T14:40:38.41Z', 'showAllOutcomes': False, 'showMarketImages': True, 'enableNegRisk': False, 'negRiskAugmented': False, 'pendingDeployment': False, 'deploying': False}]",,False,False,False,0,False,True,0,0,1,0,0,0,0,0,0,0,1,True,False,False,[],False,False,False,False,False,,,https://lolesports.com/news,,,,,True
